{
    "sales_mean": 229.85800083049833,
    "profit_mean": 28.65689630778467
}